City_ID,City,Country,Date,Lat,Lng,Max Temp,Humidity,Cloudiness,Wind Speed,Current Description
0,Hukuntsi,BW,2020-08-21 02:24:06,-24.0,21.75,39.85,52,0,6.15,clear sky
1,Diamantino,BR,2020-08-21 02:19:08,-14.41,-56.45,62.4,77,96,16.55,overcast clouds
2,Ballina,AU,2020-08-21 02:24:06,-28.87,153.57,68.0,37,40,11.41,scattered clouds
3,Mataura,NZ,2020-08-21 02:24:06,-46.19,168.86,48.99,96,100,4.0,overcast clouds
4,Rikitea,PF,2020-08-21 02:24:06,-23.12,-134.97,66.24,79,100,25.61,overcast clouds
5,Albany,US,2020-08-21 02:21:06,42.6,-73.97,66.99,59,0,3.02,clear sky
6,East London,ZA,2020-08-21 02:24:07,-33.02,27.91,60.26,71,100,12.24,light rain
7,Mahebourg,MU,2020-08-21 02:24:07,-20.41,57.7,66.2,77,20,5.82,few clouds
8,Merauke,ID,2020-08-21 02:24:07,-8.47,140.33,82.27,54,0,9.64,clear sky
9,Hilo,US,2020-08-21 02:23:24,19.73,-155.09,80.6,69,90,5.82,overcast clouds
10,Punta Arenas,CL,2020-08-21 02:21:32,-53.15,-70.92,42.8,81,90,12.75,overcast clouds
11,Luis Correia,BR,2020-08-21 02:24:08,-2.88,-41.67,77.77,82,57,10.63,broken clouds
12,Mumford,GH,2020-08-21 02:24:09,5.26,-0.76,74.32,89,100,13.02,light rain
13,Souillac,MU,2020-08-21 02:24:09,-20.52,57.52,66.2,77,20,5.82,few clouds
14,Havre-Saint-Pierre,CA,2020-08-21 02:24:09,50.23,-63.6,56.95,66,0,7.78,clear sky
15,Yellowknife,CA,2020-08-21 02:24:09,62.46,-114.35,57.2,54,20,6.93,few clouds
16,Yerbogachen,RU,2020-08-21 02:24:09,61.28,108.01,63.68,71,0,7.83,clear sky
17,New Norfolk,AU,2020-08-21 02:24:09,-42.78,147.06,51.01,79,55,1.01,broken clouds
18,Ushuaia,AR,2020-08-21 02:23:31,-54.8,-68.3,41.0,80,40,10.29,scattered clouds
19,Kapaa,US,2020-08-21 02:24:10,22.08,-159.32,84.2,66,75,13.87,broken clouds
20,Ponta Do Sol,PT,2020-08-21 02:24:10,32.67,-17.1,75.2,83,75,4.7,broken clouds
21,Khatanga,RU,2020-08-21 02:24:11,71.97,102.5,52.29,49,0,16.98,clear sky
22,Narsaq,GL,2020-08-21 02:24:11,60.92,-46.05,46.4,70,0,5.82,clear sky
23,Saint-Philippe,RE,2020-08-21 02:24:12,-21.36,55.77,66.2,52,20,10.29,few clouds
24,Asau,RO,2020-08-21 02:24:12,46.43,26.4,57.0,97,0,4.38,clear sky
25,Bluff,NZ,2020-08-21 02:24:12,-46.6,168.33,48.99,96,99,4.0,overcast clouds
26,Atuona,PF,2020-08-21 02:24:12,-9.8,-139.03,78.69,77,73,19.3,light rain
27,La Ronge,CA,2020-08-21 02:24:13,55.1,-105.28,69.8,49,75,2.24,broken clouds
28,Hobart,AU,2020-08-21 02:24:13,-42.88,147.33,51.01,47,75,8.05,broken clouds
29,Saint George,US,2020-08-21 02:23:40,37.1,-113.58,104.0,11,1,10.29,clear sky
30,Tahoua,NE,2020-08-21 02:24:13,14.89,5.27,82.4,69,100,4.7,overcast clouds
31,Stykkisholmur,IS,2020-08-21 02:24:14,65.08,-22.73,45.73,79,0,8.32,clear sky
32,Jiazi,CN,2020-08-21 02:24:15,22.88,116.07,84.92,75,5,9.91,clear sky
33,Tiksi,RU,2020-08-21 02:24:16,71.69,128.87,40.28,84,100,7.94,overcast clouds
34,Georgetown,MY,2020-08-21 02:24:16,5.41,100.34,87.8,79,20,4.7,haze
35,Cape Town,ZA,2020-08-21 02:21:31,-33.93,18.42,55.99,100,0,6.93,clear sky
36,Okhotsk,RU,2020-08-21 02:24:16,59.38,143.3,56.88,58,100,2.71,overcast clouds
37,Trinidad,BO,2020-08-21 02:24:17,-14.83,-64.9,53.58,62,100,14.5,overcast clouds
38,Erenhot,CN,2020-08-21 02:24:17,43.65,111.98,70.18,38,0,10.2,clear sky
39,Itaituba,BR,2020-08-21 02:24:17,-4.28,-55.98,78.66,42,13,0.78,few clouds
40,Jamestown,US,2020-08-21 02:24:17,42.1,-79.24,64.0,77,1,1.9,clear sky
41,Navalmoral De La Mata,ES,2020-08-21 02:24:17,39.89,-5.54,71.01,71,45,6.38,scattered clouds
42,Esperance,AU,2020-08-21 02:24:17,-33.87,121.9,55.4,76,40,11.41,scattered clouds
43,Meulaboh,ID,2020-08-21 02:24:17,4.14,96.13,81.18,80,100,3.31,light rain
44,Kavaratti,IN,2020-08-21 02:24:18,10.57,72.64,82.26,80,100,12.86,overcast clouds
45,Cabo San Lucas,MX,2020-08-21 02:21:29,22.89,-109.91,78.01,94,90,3.36,overcast clouds
46,Zabol,AF,2020-08-21 02:24:18,32.25,67.25,67.82,22,0,3.42,clear sky
47,Hithadhoo,MV,2020-08-21 02:24:18,-0.6,73.08,82.69,76,36,9.13,light rain
48,Bethel,US,2020-08-21 02:24:18,41.37,-73.41,62.01,82,1,3.36,clear sky
49,Corinto,GR,2020-08-21 02:24:18,37.94,22.96,77.0,52,0,1.99,clear sky
50,Fortuna,US,2020-08-21 02:24:18,40.6,-124.16,69.01,84,1,1.01,clear sky
51,Wanaka,NZ,2020-08-21 02:24:19,-44.7,169.15,52.3,65,99,1.1,light rain
52,Butaritari,KI,2020-08-21 02:24:19,3.07,172.79,82.92,75,89,12.64,overcast clouds
53,Coquimbo,CL,2020-08-21 02:24:19,-29.95,-71.34,46.4,100,0,3.36,clear sky
54,Tuktoyaktuk,CA,2020-08-21 02:24:19,69.45,-133.04,55.4,76,90,9.17,overcast clouds
55,Vao,NC,2020-08-21 02:24:19,-22.67,167.48,71.46,77,29,11.86,scattered clouds
56,Lebu,CL,2020-08-21 02:24:19,-37.62,-73.65,49.6,85,0,17.07,clear sky
57,Coahuayana,MX,2020-08-21 02:24:20,18.73,-103.68,79.09,82,100,2.01,overcast clouds
58,Ust-Karsk,RU,2020-08-21 02:24:20,52.7,118.81,68.67,68,62,4.23,broken clouds
59,Nikolskoye,RU,2020-08-21 02:24:20,59.7,30.79,53.6,81,0,3.71,fog
60,La Palma,US,2020-08-21 02:24:20,33.85,-118.05,80.6,61,1,9.17,clear sky
61,Ahlat,TR,2020-08-21 02:24:21,38.75,42.48,60.85,43,0,1.43,clear sky
62,Caracollo,PE,2020-08-21 02:24:22,-14.92,-70.66,45.55,56,1,3.4,clear sky
63,Vung Tau,VN,2020-08-21 02:24:22,10.35,107.08,82.83,78,37,8.41,scattered clouds
64,Hami,CN,2020-08-21 02:24:22,42.8,93.45,79.27,29,87,4.16,overcast clouds
65,Dunedin,NZ,2020-08-21 02:24:23,-45.87,170.5,50.0,90,100,1.01,light rain
66,Port Alfred,ZA,2020-08-21 02:24:24,-33.59,26.89,57.54,79,100,9.98,overcast clouds
67,Castro,BR,2020-08-21 02:24:25,-24.79,-50.01,49.33,95,100,7.36,light rain
68,Tuatapere,NZ,2020-08-21 02:24:25,-46.13,167.68,48.99,96,90,4.0,overcast clouds
69,Avarua,CK,2020-08-21 02:24:25,-21.21,-159.78,77.0,83,0,20.8,clear sky
70,Arraial Do Cabo,BR,2020-08-21 02:24:25,-22.97,-42.03,69.39,82,100,21.03,overcast clouds
71,Clyde River,CA,2020-08-21 02:24:25,70.47,-68.59,45.12,82,100,5.7,overcast clouds
72,Klyuchi,RU,2020-08-21 02:24:25,52.27,79.17,62.4,44,85,8.77,overcast clouds
73,Vaini,TO,2020-08-21 02:24:26,-21.2,-175.2,80.6,83,75,4.7,broken clouds
74,Puerto Ayora,EC,2020-08-21 02:24:26,-0.74,-90.35,66.0,88,72,5.99,broken clouds
75,Kununurra,AU,2020-08-21 02:24:26,-15.77,128.73,93.2,17,0,10.29,clear sky
76,Airai,TL,2020-08-21 02:24:26,-8.93,125.41,77.59,20,0,5.32,clear sky
77,Aljezur,PT,2020-08-21 02:24:26,37.32,-8.8,72.0,80,89,3.31,overcast clouds
78,Geraldton,AU,2020-08-21 02:24:27,-28.77,114.6,60.8,63,98,10.29,overcast clouds
79,Barrow,US,2020-08-21 02:24:27,71.29,-156.79,46.4,87,90,9.17,mist
80,Saldanha,ZA,2020-08-21 02:24:27,-33.01,17.94,48.2,93,0,2.24,clear sky
81,Skagen,DK,2020-08-21 02:24:27,57.72,10.58,66.0,92,14,13.0,few clouds
82,Goderich,CA,2020-08-21 02:24:20,43.75,-81.72,77.0,55,0,19.95,clear sky
83,Cayenne,GF,2020-08-21 02:24:28,4.93,-52.33,78.8,88,18,4.7,few clouds
84,Busselton,AU,2020-08-21 02:24:28,-33.65,115.33,60.01,59,100,5.93,overcast clouds
85,Antofagasta,CL,2020-08-21 02:24:28,-23.65,-70.4,55.4,82,40,12.75,scattered clouds
86,Inhambane,MZ,2020-08-21 02:24:28,-23.86,35.38,64.49,79,58,5.44,broken clouds
87,Qaanaaq,GL,2020-08-21 02:24:28,77.48,-69.36,42.78,80,100,2.82,light rain
88,Los Andes,CL,2020-08-21 02:23:36,-32.83,-70.6,55.0,61,0,2.91,clear sky
89,Dudinka,RU,2020-08-21 02:24:29,69.41,86.18,60.8,59,0,8.95,clear sky
90,Cuamba,MZ,2020-08-21 02:24:29,-14.8,36.54,61.39,91,92,2.26,overcast clouds
91,Kirakira,SB,2020-08-21 02:24:29,-10.45,161.92,83.59,75,35,3.44,moderate rain
92,Bosaso,SO,2020-08-21 02:24:29,11.28,49.18,89.08,49,20,22.64,few clouds
93,Luderitz,NA,2020-08-21 02:24:29,-26.65,15.16,59.23,31,0,8.34,clear sky
94,Alice Springs,AU,2020-08-21 02:20:41,-23.7,133.88,75.0,19,0,5.82,clear sky
95,Sobolevo,RU,2020-08-21 02:24:29,54.43,31.9,56.19,78,100,8.5,overcast clouds
96,Leningradskiy,RU,2020-08-21 02:24:30,69.38,178.42,45.59,81,99,7.94,overcast clouds
97,San Cristobal,VE,2020-08-21 02:24:30,7.77,-72.22,66.78,90,9,1.9,clear sky
98,Pemba,MZ,2020-08-21 02:24:30,-12.97,40.52,72.45,85,99,11.41,overcast clouds
99,Victoria,HK,2020-08-21 02:24:30,22.29,114.16,88.0,66,23,4.0,few clouds
100,Severo-Kurilsk,RU,2020-08-21 02:24:30,50.68,156.12,56.61,66,44,21.92,scattered clouds
101,Qasigiannguit,GL,2020-08-21 02:24:31,68.82,-51.19,42.8,70,25,3.11,scattered clouds
102,Paamiut,GL,2020-08-21 02:24:31,61.99,-49.67,44.28,81,0,3.62,clear sky
103,Negombo,LK,2020-08-21 02:21:48,7.21,79.84,80.6,88,20,2.24,few clouds
104,Kjollefjord,NO,2020-08-21 02:24:31,70.95,27.35,47.41,83,58,5.77,broken clouds
105,Katherine,AU,2020-08-21 02:24:31,-14.47,132.27,91.4,36,0,5.82,clear sky
106,Codrington,AU,2020-08-21 02:24:31,-38.27,141.97,50.04,76,100,22.53,light rain
107,Murgab,TM,2020-08-21 02:24:31,37.5,61.97,69.8,49,0,4.7,clear sky
108,Pisco,PE,2020-08-21 02:24:32,-13.7,-76.22,61.0,82,75,2.3,broken clouds
109,Bredasdorp,ZA,2020-08-21 02:24:32,-34.53,20.04,46.99,96,65,3.0,broken clouds
110,Vardo,NO,2020-08-21 02:24:32,70.37,31.11,48.45,85,100,4.18,overcast clouds
111,Kodiak,US,2020-08-21 02:24:32,57.79,-152.41,75.2,38,1,13.87,clear sky
112,Ancud,CL,2020-08-21 02:24:32,-41.87,-73.82,46.99,100,90,8.05,overcast clouds
113,Kaili,ID,2020-08-21 02:24:32,-3.46,120.21,77.52,70,44,2.93,scattered clouds
114,Robertsport,LR,2020-08-21 02:24:33,6.75,-11.37,76.44,85,100,13.35,light rain
115,San Quintin,MX,2020-08-21 02:24:33,30.48,-115.95,77.0,73,82,5.79,broken clouds
116,Ribeira Grande,PT,2020-08-21 02:24:33,38.52,-28.7,69.96,82,92,17.67,overcast clouds
117,Flinders,AU,2020-08-21 02:24:33,-34.58,150.86,62.01,46,100,15.99,overcast clouds
118,Pevek,RU,2020-08-21 02:24:34,69.7,170.31,37.53,85,100,9.91,overcast clouds
119,Nanortalik,GL,2020-08-21 02:24:34,60.14,-45.24,44.71,74,0,1.61,clear sky
120,Sorgun,TR,2020-08-21 02:24:34,39.81,35.19,56.43,91,18,5.68,few clouds
121,Saskylakh,RU,2020-08-21 02:24:34,71.92,114.08,43.77,62,100,5.84,overcast clouds
122,Mokhsogollokh,RU,2020-08-21 02:24:34,61.47,128.92,61.72,43,0,5.17,clear sky
123,Carnarvon,AU,2020-08-21 02:24:34,-24.87,113.63,73.4,40,97,6.93,overcast clouds
124,Oum Hadjer,TD,2020-08-21 02:24:34,13.3,19.7,76.93,86,20,5.97,few clouds
125,Thompson,CA,2020-08-21 02:24:34,55.74,-97.86,66.2,55,20,4.7,few clouds
126,Kruisfontein,ZA,2020-08-21 02:24:35,-34.0,24.73,51.01,91,4,5.08,clear sky
127,Aklavik,CA,2020-08-21 02:22:00,68.22,-135.01,64.4,59,75,5.82,broken clouds
128,Vigrestad,NO,2020-08-21 02:24:35,58.57,5.7,62.01,88,33,3.0,scattered clouds
129,Haines Junction,CA,2020-08-21 02:24:35,60.75,-137.51,55.09,76,100,2.13,overcast clouds
130,Dasuya,IN,2020-08-21 02:24:35,31.82,75.66,79.39,80,98,3.96,light rain
131,Mehamn,NO,2020-08-21 02:24:35,71.04,27.85,46.62,82,17,6.85,few clouds
132,Dikson,RU,2020-08-21 02:24:35,73.51,80.55,44.64,76,0,17.4,clear sky
133,Kalnciems,LV,2020-08-21 02:24:36,56.8,23.61,59.0,93,100,1.12,overcast clouds
134,Ilulissat,GL,2020-08-21 02:24:36,69.22,-51.1,42.8,70,42,3.04,scattered clouds
135,Serenje,ZM,2020-08-21 02:24:36,-13.23,30.24,57.88,73,0,8.5,clear sky
136,Chapais,CA,2020-08-21 02:24:36,49.78,-74.85,53.6,93,90,2.24,overcast clouds
137,Bambous Virieux,MU,2020-08-21 02:24:36,-20.34,57.76,69.01,77,20,5.82,few clouds
138,Cefalu,IT,2020-08-21 02:24:36,38.04,14.02,75.0,77,0,1.99,clear sky
139,Mahajanga,MG,2020-08-21 02:24:36,-15.72,46.32,69.8,77,25,3.36,scattered clouds
140,Chopda,IN,2020-08-21 02:24:36,21.25,75.3,78.01,89,100,8.28,overcast clouds
141,Saint-Francois,FR,2020-08-21 02:24:37,46.42,3.91,78.8,39,28,11.41,scattered clouds
142,Quelimane,MZ,2020-08-21 02:24:37,-17.88,36.89,71.6,94,5,3.36,light rain
143,Mogok,MM,2020-08-21 02:24:37,22.92,96.5,72.75,84,95,1.19,overcast clouds
144,Mackay,AU,2020-08-21 02:24:37,-21.15,149.2,79.0,31,0,12.75,clear sky
145,Teguldet,RU,2020-08-21 02:24:37,57.31,88.17,58.64,61,100,5.95,overcast clouds
146,Fairbanks,US,2020-08-21 02:21:38,64.84,-147.72,73.4,53,75,6.93,broken clouds
147,Port Hardy,CA,2020-08-21 02:24:37,50.7,-127.42,60.8,93,90,9.17,moderate rain
148,Kahului,US,2020-08-21 02:20:11,20.89,-156.47,86.0,58,20,25.28,few clouds
149,Gualaco,HN,2020-08-21 02:24:38,15.05,-86.05,70.32,90,100,1.97,overcast clouds
150,Naze,JP,2020-08-21 02:24:38,28.37,129.48,89.6,75,20,5.82,few clouds
151,Havoysund,NO,2020-08-21 02:24:38,71.0,24.66,42.8,93,40,3.36,scattered clouds
152,Posse,BR,2020-08-21 02:24:38,-14.09,-46.37,72.99,35,0,6.08,clear sky
153,Gaya,IN,2020-08-21 02:24:38,24.78,85.0,80.6,88,75,5.82,mist
154,Tha Muang,TH,2020-08-21 02:24:38,13.96,99.64,84.38,66,100,5.14,overcast clouds
155,Katiola,CI,2020-08-21 02:24:39,8.13,-5.1,75.2,88,40,6.85,scattered clouds
156,Dingle,PH,2020-08-21 02:24:39,11.0,122.67,85.05,76,100,6.46,overcast clouds
157,Port Lincoln,AU,2020-08-21 02:24:39,-34.73,135.87,52.61,61,90,24.67,light rain
158,Dryden,CA,2020-08-21 02:24:39,49.78,-92.75,68.0,82,1,4.7,clear sky
159,El Alto,PE,2020-08-21 02:24:39,-4.27,-81.21,60.51,86,42,15.23,scattered clouds
160,Strezhevoy,RU,2020-08-21 02:24:39,60.73,77.59,50.0,93,90,8.95,overcast clouds
161,Puro,PH,2020-08-21 02:24:40,12.48,123.38,85.24,71,69,6.91,broken clouds
162,Loukhi,RU,2020-08-21 02:24:40,66.08,33.04,56.34,93,0,5.64,clear sky
163,Ossora,RU,2020-08-21 02:24:40,59.24,163.07,52.83,85,100,5.35,light rain
164,Cap-Aux-Meules,CA,2020-08-21 02:24:40,47.38,-61.86,64.4,68,5,11.41,clear sky
165,Cherskiy,RU,2020-08-21 02:24:40,68.75,161.3,45.52,57,96,15.48,overcast clouds
166,Egvekinot,RU,2020-08-21 02:24:40,66.32,-179.17,51.69,71,79,8.63,broken clouds
167,Umm Kaddadah,SD,2020-08-21 02:24:41,13.6,26.69,80.11,59,75,7.43,light rain
168,Recke,DE,2020-08-21 02:24:41,52.38,7.72,73.4,78,98,3.36,overcast clouds
169,Port Moresby,PG,2020-08-21 02:20:27,-9.44,147.18,84.2,66,40,17.22,scattered clouds
170,Malakal,SS,2020-08-21 02:24:41,9.53,31.66,72.27,92,64,1.41,broken clouds
171,Namwala,ZM,2020-08-21 02:24:41,-15.75,26.44,61.29,70,0,4.18,clear sky
172,Wangqing,CN,2020-08-21 02:24:41,43.32,129.76,71.58,44,100,2.19,overcast clouds
173,Rawson,AR,2020-08-21 02:24:41,-43.3,-65.1,50.5,54,0,5.37,clear sky
174,Koumac,NC,2020-08-21 02:24:42,-20.57,164.28,74.12,60,0,5.86,clear sky
175,Hermanus,ZA,2020-08-21 02:24:42,-34.42,19.23,46.99,96,4,3.0,clear sky
176,Bandarbeyla,SO,2020-08-21 02:24:42,9.49,50.81,76.26,78,0,27.04,clear sky
177,Broken Hill,AU,2020-08-21 02:24:05,-31.95,141.43,57.2,50,90,24.16,overcast clouds
178,Price,US,2020-08-21 02:22:42,39.6,-110.81,84.2,23,1,11.41,clear sky
179,Upata,VE,2020-08-21 02:24:42,8.01,-62.4,82.0,88,100,1.99,overcast clouds
180,Dalupaon,PH,2020-08-21 02:24:42,13.55,122.95,83.75,77,59,7.72,broken clouds
181,Faanui,PF,2020-08-21 02:24:43,-16.48,-151.75,77.9,78,27,22.44,scattered clouds
182,Najran,SA,2020-08-21 02:24:43,17.49,44.13,77.0,22,6,4.7,clear sky
183,Mount Isa,AU,2020-08-21 02:24:43,-20.73,139.5,75.2,15,0,11.41,clear sky
184,Hazorasp,UZ,2020-08-21 02:24:43,41.32,61.07,64.4,59,0,2.24,clear sky
185,Tivoli,IT,2020-08-21 02:24:43,41.96,12.8,72.0,73,0,3.47,clear sky
186,Kaeo,NZ,2020-08-21 02:24:43,-35.1,173.78,66.0,15,0,13.0,clear sky
187,Yenagoa,NG,2020-08-21 02:24:43,4.92,6.26,74.64,89,100,8.14,overcast clouds
188,Beringovskiy,RU,2020-08-21 02:24:44,63.05,179.32,55.58,69,46,15.95,scattered clouds
189,Finsterwalde,DE,2020-08-21 02:24:44,51.63,13.72,68.0,72,40,3.36,scattered clouds
190,Lompoc,US,2020-08-21 02:24:44,34.64,-120.46,64.4,68,90,11.41,overcast clouds
191,Ferme-Neuve,CA,2020-08-21 02:24:44,46.7,-75.45,53.64,96,100,3.53,light rain
192,Lasa,IT,2020-08-21 02:24:44,46.62,10.7,54.0,100,90,2.13,fog
193,Yakima,US,2020-08-21 02:24:45,46.47,-120.67,87.01,32,20,12.75,few clouds
194,Nome,US,2020-08-21 02:24:45,64.5,-165.41,62.01,81,20,13.87,few clouds
195,Ahar,IR,2020-08-21 02:24:45,38.48,47.07,61.45,71,0,2.51,clear sky
196,Isangel,VU,2020-08-21 02:24:45,-19.55,169.27,84.2,62,20,5.82,few clouds
197,Quatre Cocos,MU,2020-08-21 02:24:45,-20.21,57.76,69.01,77,20,5.82,few clouds
198,Great Falls,US,2020-08-21 02:21:43,47.5,-111.3,71.6,43,1,3.36,clear sky
199,Turukhansk,RU,2020-08-21 02:24:46,65.82,87.98,60.48,77,0,12.17,clear sky
200,Edeia,BR,2020-08-21 02:24:46,-17.34,-49.93,69.19,54,0,16.8,clear sky
201,Tromso,NO,2020-08-21 02:24:46,69.65,18.96,42.8,93,20,4.7,few clouds
202,Karasjok,NO,2020-08-21 02:24:46,69.47,25.51,50.0,87,100,10.29,overcast clouds
203,Korla,CN,2020-08-21 02:24:46,41.76,86.15,68.0,79,11,15.14,few clouds
204,Tabas,IR,2020-08-21 02:24:46,33.6,56.92,86.0,16,0,2.24,clear sky
205,Voh,NC,2020-08-21 02:24:47,-20.97,164.7,77.61,54,0,7.18,clear sky
206,Dingzhou,CN,2020-08-21 02:24:47,38.51,115.0,77.0,47,0,2.24,clear sky
207,Sao Filipe,CV,2020-08-21 02:24:47,14.9,-24.5,76.15,78,38,8.55,scattered clouds
208,Scarborough,GB,2020-08-21 02:23:39,54.28,-0.4,59.0,76,54,1.01,broken clouds
209,Longyearbyen,SJ,2020-08-21 02:22:31,78.22,15.64,41.0,80,75,11.41,broken clouds
210,Utinga,BR,2020-08-21 02:24:47,-5.82,-35.4,75.2,94,40,6.93,shower rain
211,Los Llanos De Aridane,ES,2020-08-21 02:24:47,28.66,-17.92,71.6,78,0,8.05,clear sky
212,Pacific Grove,US,2020-08-21 02:24:48,36.62,-121.92,69.8,64,90,8.05,smoke
213,Elizabeth City,US,2020-08-21 02:23:12,36.29,-76.25,77.0,88,1,5.82,clear sky
214,Police,PL,2020-08-21 02:24:48,53.55,14.57,68.0,88,19,4.45,light rain
215,Namibe,AO,2020-08-21 02:24:48,-15.2,12.15,59.49,80,93,4.0,overcast clouds
216,Klaksvik,FO,2020-08-21 02:24:48,62.23,-6.59,57.2,82,60,5.82,broken clouds
217,Ojinaga,MX,2020-08-21 02:24:48,29.57,-104.42,96.8,18,1,8.05,clear sky
218,Sitka,US,2020-08-21 02:24:48,57.05,-135.33,66.2,59,20,11.41,few clouds
219,Sovetskoye,RU,2020-08-21 02:24:49,52.29,85.41,65.01,46,95,1.83,overcast clouds
220,Birao,CF,2020-08-21 02:24:49,10.28,22.79,70.93,90,0,2.48,clear sky
221,Krasnoselkup,RU,2020-08-21 02:24:49,65.7,82.47,59.2,80,0,9.4,clear sky
222,Kulu,TR,2020-08-21 02:24:49,39.1,33.08,59.72,53,0,9.6,clear sky
223,Kingaroy,AU,2020-08-21 02:24:49,-26.53,151.83,69.01,29,5,18.34,clear sky
224,Margate,GB,2020-08-21 02:24:50,51.38,1.39,70.0,92,78,3.0,light rain
225,Vieira De Leiria,PT,2020-08-21 02:24:50,39.87,-8.93,64.99,100,75,2.24,broken clouds
226,Prieska,ZA,2020-08-21 02:24:50,-29.66,22.75,40.26,58,22,4.09,few clouds
227,Port Augusta,AU,2020-08-21 02:24:50,-32.5,137.77,57.2,71,90,16.11,overcast clouds
228,Parsabad,IR,2020-08-21 02:24:50,39.65,47.92,64.4,93,0,2.24,clear sky
229,Hasaki,JP,2020-08-21 02:24:51,35.73,140.83,97.0,59,20,5.82,few clouds
230,Masallatah,LY,2020-08-21 02:24:51,32.62,14.0,73.17,85,0,10.96,clear sky
231,Skjervoy,NO,2020-08-21 02:24:51,70.03,20.97,50.32,74,6,2.33,clear sky
232,Richards Bay,ZA,2020-08-21 02:24:51,-28.78,32.04,56.97,89,0,5.28,clear sky
233,Am Timan,TD,2020-08-21 02:24:51,11.03,20.28,71.73,95,11,4.21,few clouds
234,Talnakh,RU,2020-08-21 02:24:51,69.49,88.4,60.8,59,0,8.95,clear sky
235,San Rafael,AR,2020-08-21 02:24:51,-34.62,-68.33,48.13,40,0,3.4,clear sky
236,Arman,RU,2020-08-21 02:24:51,59.7,150.17,56.75,52,94,18.77,overcast clouds
237,Sovetskaya,RU,2020-08-21 02:24:52,44.78,41.17,66.0,5,100,8.01,overcast clouds
238,Andenes,NO,2020-08-21 02:24:52,69.31,16.12,44.6,87,86,3.36,overcast clouds
239,Moron,AR,2020-08-21 02:24:52,-34.65,-58.62,48.99,50,0,6.13,clear sky
240,Carson City,US,2020-08-21 02:22:07,39.16,-119.77,86.0,15,1,16.11,clear sky
241,Ahipara,NZ,2020-08-21 02:24:52,-35.17,173.17,60.37,76,4,16.78,light rain
242,Presidente Prudente,BR,2020-08-21 02:22:48,-22.13,-51.39,53.6,93,90,11.41,light rain
243,Port Elizabeth,ZA,2020-08-21 02:24:52,-33.92,25.57,53.6,87,20,8.05,few clouds
244,Rawah,IQ,2020-08-21 02:24:52,34.48,41.91,77.18,37,0,10.96,clear sky
245,Meadow Lake,US,2020-08-21 02:24:53,34.8,-106.54,93.2,10,40,2.39,haze
246,Leczna,PL,2020-08-21 02:24:53,51.3,22.88,60.8,93,51,6.93,broken clouds
247,Roseburg,US,2020-08-21 02:24:53,43.22,-123.34,84.2,39,90,10.29,overcast clouds
248,Port-Gentil,GA,2020-08-21 02:24:53,-0.72,8.78,73.94,84,100,12.55,overcast clouds
249,Alugan,PH,2020-08-21 02:24:53,12.22,125.48,84.61,70,95,4.79,overcast clouds
250,Chokurdakh,RU,2020-08-21 02:24:53,70.63,147.92,41.05,69,93,4.68,overcast clouds
251,Belfast,GB,2020-08-21 02:24:05,54.58,-5.93,59.0,93,100,19.46,moderate rain
252,Chuy,UY,2020-08-21 02:24:53,-33.7,-53.46,37.74,79,0,6.62,clear sky
253,Paracuru,BR,2020-08-21 02:24:53,-3.41,-39.03,79.0,80,39,15.99,scattered clouds
254,Srednekolymsk,RU,2020-08-21 02:24:54,67.45,153.68,45.7,56,100,10.92,overcast clouds
255,Katobu,ID,2020-08-21 02:24:54,-4.94,122.53,85.55,53,0,6.38,clear sky
256,Port Hedland,AU,2020-08-21 02:24:54,-20.32,118.57,87.8,8,0,16.11,clear sky
257,Itarema,BR,2020-08-21 02:24:54,-2.92,-39.92,76.77,83,0,12.15,clear sky
258,Mezen,RU,2020-08-21 02:24:54,65.85,44.24,44.42,83,31,2.64,scattered clouds
259,Soyo,AO,2020-08-21 02:24:54,-6.13,12.37,71.29,87,25,5.73,scattered clouds
260,Kamyzyak,RU,2020-08-21 02:24:54,46.11,48.07,68.0,34,46,13.42,scattered clouds
261,Mata,PT,2020-08-21 02:24:55,40.68,-7.46,63.0,94,94,3.15,overcast clouds
262,Stokmarknes,NO,2020-08-21 02:24:55,68.56,14.91,42.01,97,100,4.0,overcast clouds
263,Torbay,CA,2020-08-21 02:24:55,47.67,-52.73,62.01,82,5,17.22,clear sky
264,Mar Del Plata,AR,2020-08-21 02:23:05,-38.0,-57.56,48.0,64,0,10.29,clear sky
265,Yenangyaung,MM,2020-08-21 02:24:55,20.47,94.88,76.15,89,100,8.84,light rain
266,Sorland,NO,2020-08-21 02:24:55,67.67,12.69,51.04,77,52,10.58,broken clouds
267,Lazaro Cardenas,MX,2020-08-21 02:24:55,17.96,-102.2,80.31,84,100,5.75,overcast clouds
268,Gafanha Da Encarnacao,PT,2020-08-21 02:24:55,40.62,-8.73,66.99,90,99,3.29,overcast clouds
269,Luanda,AO,2020-08-21 02:20:19,-8.84,13.23,69.8,94,75,4.7,broken clouds
270,Upernavik,GL,2020-08-21 02:24:56,72.79,-56.15,44.98,72,100,0.76,overcast clouds
271,Forquilhinha,BR,2020-08-21 02:24:56,-28.75,-49.47,43.27,86,91,2.35,overcast clouds
272,Bozdar,PK,2020-08-21 02:24:56,27.18,68.64,86.0,79,40,11.41,haze
273,Hamilton,US,2020-08-21 02:20:46,39.18,-84.53,72.0,88,1,4.36,clear sky
274,Yumen,CN,2020-08-21 02:24:56,40.28,97.2,70.57,50,31,10.45,scattered clouds
275,Enid,US,2020-08-21 02:24:56,36.4,-97.88,79.0,57,1,9.17,clear sky
276,Padang,ID,2020-08-21 02:22:17,-0.95,100.35,85.05,64,60,1.86,broken clouds
277,Millinocket,US,2020-08-21 02:24:56,45.66,-68.71,60.8,72,1,4.63,clear sky
278,Baherden,TM,2020-08-21 02:24:57,38.44,57.43,78.28,23,0,7.67,clear sky
279,Ostrovnoy,RU,2020-08-21 02:24:57,68.05,39.51,55.4,79,100,14.43,overcast clouds
280,Poum,NC,2020-08-21 02:24:57,-20.23,164.02,71.91,68,0,6.78,clear sky
281,Burlatskoye,RU,2020-08-21 02:24:57,45.06,43.63,67.21,60,41,6.15,scattered clouds
282,Requena,ES,2020-08-21 02:24:57,39.49,-1.1,66.99,65,58,2.42,broken clouds
283,Sabang,ID,2020-08-21 02:24:57,5.89,95.32,83.17,71,91,7.27,light rain
284,Marsh Harbour,BS,2020-08-21 02:24:57,26.54,-77.06,83.08,79,44,12.93,scattered clouds
285,Cambridge,CA,2020-08-21 02:21:07,43.36,-80.31,66.0,77,1,4.7,clear sky
286,Kuusamo,FI,2020-08-21 02:24:58,65.97,29.18,53.6,100,0,4.7,clear sky
287,Shuyskoye,RU,2020-08-21 02:24:58,59.37,41.03,53.42,84,98,4.41,overcast clouds
288,Alto Parana,BR,2020-08-21 02:24:58,-23.13,-52.32,51.06,94,100,10.87,light rain
289,Prado,BR,2020-08-21 02:24:58,-17.34,-39.22,72.0,85,4,5.48,clear sky
290,Sechura,PE,2020-08-21 02:24:58,-5.56,-80.82,62.96,76,100,14.16,overcast clouds
291,Banos,EC,2020-08-21 02:24:58,-1.4,-78.42,60.03,72,100,1.61,light rain
292,Olafsvik,IS,2020-08-21 02:24:58,64.89,-23.71,48.69,79,0,17.81,clear sky
293,Zhangjiakou,CN,2020-08-21 02:24:59,40.81,114.88,67.32,71,48,5.93,scattered clouds
294,Isla Aguada,MX,2020-08-21 02:24:59,18.78,-91.47,84.31,78,49,11.97,scattered clouds
295,Akhisar,TR,2020-08-21 02:24:59,38.92,27.84,66.99,59,0,4.76,clear sky
296,Keita,NE,2020-08-21 02:24:59,14.76,5.77,82.4,69,100,4.7,overcast clouds
297,Kungsbacka,SE,2020-08-21 02:24:59,57.49,12.08,63.0,93,90,9.17,mist
298,Matamoros,MX,2020-08-21 02:21:54,25.53,-103.25,89.6,19,40,9.42,scattered clouds
299,High Level,CA,2020-08-21 02:24:59,58.52,-117.14,64.4,72,90,9.17,overcast clouds
300,Port Macquarie,AU,2020-08-21 02:24:59,-31.43,152.92,64.99,40,44,8.79,scattered clouds
301,Berlevag,NO,2020-08-21 02:25:00,70.86,29.09,48.18,80,21,8.28,few clouds
302,Krasnooktyabrskiy,RU,2020-08-21 02:25:00,44.93,38.37,68.0,92,100,3.0,moderate rain
303,Jijiga,ET,2020-08-21 02:25:00,9.35,42.8,63.68,80,56,18.5,broken clouds
304,Lavrentiya,RU,2020-08-21 02:25:00,65.58,-171.0,51.89,71,100,5.86,overcast clouds
305,Sinnamary,GF,2020-08-21 02:25:00,5.38,-52.95,79.74,81,18,13.89,few clouds
306,Povolzhskiy,RU,2020-08-21 02:25:00,53.59,49.76,46.4,87,20,8.95,few clouds
307,Kincardine,GB,2020-08-21 02:25:00,56.07,-3.72,62.6,67,100,13.87,overcast clouds
308,Sola,VU,2020-08-21 02:25:00,-13.88,167.55,81.45,83,0,9.86,clear sky
309,Puntarenas,CR,2020-08-21 02:25:01,9.98,-84.84,69.8,100,75,2.24,light rain
310,Banjar,ID,2020-08-21 02:25:01,-8.19,114.97,82.4,88,20,16.11,few clouds
311,Nuuk,GL,2020-08-21 02:25:01,64.18,-51.72,46.4,65,0,11.41,clear sky
312,Buraydah,SA,2020-08-21 02:25:01,26.33,43.98,78.8,36,17,3.15,few clouds
313,Lagoa,PT,2020-08-21 02:25:01,39.05,-27.98,69.03,79,64,14.5,broken clouds
314,Majene,ID,2020-08-21 02:25:01,-3.54,118.97,83.95,65,0,8.9,clear sky
315,Boshnyakovo,RU,2020-08-21 02:25:01,49.63,142.17,63.32,65,0,9.57,clear sky
316,Bengkulu,ID,2020-08-21 02:25:02,-3.8,102.27,83.48,66,58,2.55,broken clouds
317,Saint-Pierre,RE,2020-08-21 02:25:02,-21.34,55.48,66.2,52,20,10.29,few clouds
318,Lata,PT,2020-08-21 02:25:02,40.16,-8.33,64.99,90,31,1.05,scattered clouds
319,Alexandria,EG,2020-08-21 02:22:22,31.22,29.96,77.0,83,20,5.82,few clouds
320,San Vicente,AR,2020-08-21 02:25:02,-26.62,-54.13,36.81,82,0,4.97,clear sky
321,Norden,DE,2020-08-21 02:25:02,53.6,7.2,73.99,78,75,9.17,broken clouds
322,Maceio,BR,2020-08-21 02:25:02,-9.67,-35.74,73.4,94,75,2.24,broken clouds
323,Mackenzie,CA,2020-08-21 02:25:02,55.3,-123.17,60.8,77,40,3.36,scattered clouds
324,Abu Zabad,SD,2020-08-21 02:25:03,12.35,29.25,74.39,78,42,5.12,light rain
325,Clifton,US,2020-08-21 02:22:30,40.86,-74.16,73.0,56,1,2.59,clear sky
326,Platanos,GR,2020-08-21 02:25:03,37.67,21.62,71.6,82,0,3.36,clear sky
327,Juneau,US,2020-08-21 02:25:03,58.3,-134.42,60.8,82,90,3.85,overcast clouds
328,Pangody,RU,2020-08-21 02:25:03,65.85,74.49,57.33,88,100,8.81,light rain
329,Gap,FR,2020-08-21 02:25:03,44.67,6.0,64.0,85,0,4.23,clear sky
330,Katangli,RU,2020-08-21 02:25:03,51.71,143.23,69.24,52,0,16.04,clear sky
331,Paseh,ID,2020-08-21 02:25:04,-7.1,107.76,76.8,61,0,3.56,clear sky
332,Vikulovo,RU,2020-08-21 02:25:04,56.82,70.61,51.53,94,100,7.65,overcast clouds
333,Belyy Yar,RU,2020-08-21 02:25:04,53.6,91.39,64.4,77,65,4.47,broken clouds
334,Zhigansk,RU,2020-08-21 02:25:04,66.77,123.37,47.5,54,0,17.56,clear sky
335,Salalah,OM,2020-08-21 02:25:04,17.02,54.09,77.0,100,90,5.82,light intensity drizzle
336,Mahibadhoo,MV,2020-08-21 02:25:04,3.78,72.97,82.96,64,57,2.71,broken clouds
337,Pangnirtung,CA,2020-08-21 02:25:04,66.15,-65.71,52.12,67,7,2.84,clear sky
338,Yamada,JP,2020-08-21 02:25:05,39.47,141.95,79.0,69,27,6.4,scattered clouds
339,Sandur,IN,2020-08-21 02:25:05,15.1,76.55,73.36,87,100,16.26,overcast clouds
340,Gamboula,CF,2020-08-21 02:25:05,4.12,15.14,68.16,96,100,4.83,overcast clouds
341,Ixtapa,MX,2020-08-21 02:25:05,20.7,-105.2,84.0,83,40,3.36,scattered clouds
342,Tokoname,JP,2020-08-21 02:25:05,34.88,136.85,100.99,74,20,8.05,few clouds
343,Bilma,NE,2020-08-21 02:25:05,18.69,12.92,90.27,22,3,6.89,clear sky
344,Narrabri,AU,2020-08-21 02:25:06,-30.32,149.78,62.6,33,75,18.34,broken clouds
345,Portland,US,2020-08-21 02:21:04,45.52,-122.68,80.01,56,82,1.01,broken clouds
346,Komsomolskiy,UZ,2020-08-21 02:25:06,40.43,71.72,71.6,53,1,2.24,clear sky
347,La Union,PE,2020-08-21 02:25:06,-5.4,-80.75,63.75,72,100,13.82,overcast clouds
348,Saint Anthony,US,2020-08-21 02:25:06,45.02,-93.22,78.01,69,1,5.82,clear sky
349,Yerofey Pavlovich,RU,2020-08-21 02:25:06,53.97,121.97,68.2,58,100,4.34,overcast clouds
350,Sao Miguel Do Araguaia,BR,2020-08-21 02:25:06,-13.28,-50.16,77.76,32,0,2.77,clear sky
351,Sun Valley,US,2020-08-21 02:25:07,39.6,-119.78,89.6,7,1,10.29,clear sky
352,Vostok,RU,2020-08-21 02:25:07,46.49,135.88,64.71,50,1,9.13,clear sky
353,Matara,LK,2020-08-21 02:25:07,5.95,80.54,80.28,81,97,9.73,light rain
354,Caldwell,US,2020-08-21 02:20:33,43.66,-116.69,87.8,29,1,3.36,clear sky
355,Baykit,RU,2020-08-21 02:25:07,61.67,96.37,62.19,70,15,3.65,few clouds
356,Harper,LR,2020-08-21 02:25:07,4.38,-7.72,74.97,84,74,11.25,broken clouds
357,Pizarro,CO,2020-08-21 02:25:07,4.95,-77.37,77.56,86,98,9.31,light rain
358,Hobyo,SO,2020-08-21 02:25:08,5.35,48.53,75.79,80,91,22.48,overcast clouds
359,Paita,PE,2020-08-21 02:25:08,-5.09,-81.11,61.97,81,97,13.4,overcast clouds
360,Ulladulla,AU,2020-08-21 02:25:08,-35.35,150.47,60.8,36,40,24.16,scattered clouds
361,Cananea,MX,2020-08-21 02:25:08,30.95,-110.3,82.0,44,100,1.99,light rain
362,Nuoro,IT,2020-08-21 02:25:08,40.32,9.33,75.2,88,5,6.93,clear sky
363,Lorengau,PG,2020-08-21 02:25:08,-2.02,147.27,86.0,67,14,11.5,few clouds
364,George Town,MY,2020-08-21 02:25:08,5.41,100.34,87.8,79,20,4.7,haze
365,Natal,BR,2020-08-21 02:24:32,-5.79,-35.21,75.2,94,75,9.17,broken clouds
366,Cockburn Town,TC,2020-08-21 02:25:09,21.46,-71.14,82.96,80,0,19.28,clear sky
367,Canico,PT,2020-08-21 02:25:09,32.63,-16.85,75.2,83,75,4.7,broken clouds
368,Lubao,PH,2020-08-21 02:25:09,14.92,120.55,84.2,83,75,1.12,broken clouds
369,Puerto Escondido,MX,2020-08-21 02:25:09,15.85,-97.07,81.93,74,100,1.48,light rain
370,Kentwood,US,2020-08-21 02:25:09,42.87,-85.64,71.6,60,1,4.7,clear sky
371,Laguna,US,2020-08-21 02:25:09,38.42,-121.42,84.0,37,90,6.93,smoke
372,San Lorenzo,PY,2020-08-21 02:22:43,-25.33,-57.53,50.0,43,47,9.17,scattered clouds
373,Amazar,RU,2020-08-21 02:25:10,53.86,120.88,68.54,59,100,4.56,overcast clouds
374,Bogalusa,US,2020-08-21 02:25:10,30.79,-89.85,73.99,88,1,3.36,clear sky
375,Castanhal,BR,2020-08-21 02:25:10,-1.29,-47.93,78.8,83,100,11.41,overcast clouds
376,Bilibino,RU,2020-08-21 02:25:10,68.05,166.44,43.0,82,100,4.32,overcast clouds
377,Sisimiut,GL,2020-08-21 02:25:10,66.94,-53.67,51.42,69,1,1.41,clear sky
378,Ust-Nera,RU,2020-08-21 02:25:11,64.57,143.2,49.17,48,0,5.57,clear sky
379,Floro,NO,2020-08-21 02:25:11,61.6,5.03,64.4,88,95,9.17,light rain
380,Tasiilaq,GL,2020-08-21 02:25:11,65.61,-37.64,39.2,86,0,1.12,clear sky
381,Nyurba,RU,2020-08-21 02:25:11,63.28,118.33,59.05,47,100,1.7,overcast clouds
382,Sakaraha,MG,2020-08-21 02:25:11,-22.9,44.53,58.64,92,0,2.19,clear sky
383,Adrar,MR,2020-08-21 02:25:11,20.5,-10.07,89.6,39,5,15.52,clear sky
384,Shimoda,JP,2020-08-21 02:25:12,34.67,138.95,89.6,66,20,8.05,few clouds
385,Nalut,LY,2020-08-21 02:25:12,30.33,10.85,79.27,40,0,13.49,clear sky
386,Sioux Lookout,CA,2020-08-21 02:25:12,50.1,-91.92,60.8,93,20,2.24,few clouds
387,Oranjemund,NA,2020-08-21 02:25:12,-28.55,16.43,54.66,41,0,5.66,clear sky
388,Roth,DE,2020-08-21 02:25:12,49.24,11.09,66.2,77,0,6.93,clear sky
389,Half Moon Bay,US,2020-08-21 02:23:49,37.46,-122.43,75.2,88,90,13.87,mist
390,Cairns,AU,2020-08-21 02:20:39,-16.92,145.77,86.0,45,0,6.93,clear sky
391,Norman Wells,CA,2020-08-21 02:25:12,65.28,-126.83,64.4,48,75,12.75,broken clouds
392,Bundaberg,AU,2020-08-21 02:25:13,-24.85,152.35,75.99,24,0,10.29,clear sky
393,Vila Do Maio,CV,2020-08-21 02:25:13,15.13,-23.22,78.8,69,20,8.05,few clouds
394,Conceicao Do Araguaia,BR,2020-08-21 02:25:13,-8.26,-49.26,80.49,27,0,2.55,clear sky
395,Vila Velha,BR,2020-08-21 02:21:39,-20.33,-40.29,73.4,83,75,9.17,broken clouds
396,Waipawa,NZ,2020-08-21 02:25:13,-41.41,175.52,59.0,72,26,24.16,scattered clouds
397,Cedar City,US,2020-08-21 02:22:12,37.68,-113.06,89.6,13,1,9.17,clear sky
398,Kasese,UG,2020-08-21 02:25:13,0.18,30.08,69.24,70,97,2.44,overcast clouds
399,Tonantins,BR,2020-08-21 02:25:13,-2.87,-67.8,82.71,62,65,2.86,broken clouds
400,Galiakot,IN,2020-08-21 02:25:14,23.52,74.0,78.26,94,100,5.99,overcast clouds
401,Svetlogorsk,BY,2020-08-21 02:25:14,52.63,29.73,60.44,94,100,6.93,overcast clouds
402,Sao Jose Da Coroa Grande,BR,2020-08-21 02:25:14,-8.9,-35.15,75.38,88,91,11.18,light rain
403,Khasan,RU,2020-08-21 02:25:14,42.43,130.64,69.87,51,98,3.13,overcast clouds
404,Gabu,GW,2020-08-21 02:25:14,12.28,-14.22,73.11,97,72,7.05,light rain
405,Manjacaze,MZ,2020-08-21 02:25:14,-24.71,33.88,56.01,92,0,3.94,clear sky
406,Buala,SB,2020-08-21 02:25:14,-8.14,159.59,86.36,64,59,0.89,light rain
407,Long,TH,2020-08-21 02:25:14,18.08,99.83,73.4,100,90,5.82,light rain
408,Rudbar,AF,2020-08-21 02:25:15,30.15,62.6,74.21,22,0,9.48,clear sky
409,Muros,ES,2020-08-21 02:25:15,42.78,-9.06,66.99,83,69,17.0,light rain
410,Sovetskiy,RU,2020-08-21 02:25:15,61.36,63.58,53.19,94,39,7.38,scattered clouds
411,Tautira,PF,2020-08-21 02:25:15,-17.73,-149.15,80.6,69,75,8.05,broken clouds
412,Santa Maria,BR,2020-08-21 02:25:15,-29.68,-53.81,38.17,76,0,3.0,clear sky
413,Cienfuegos,CU,2020-08-21 02:25:15,22.15,-80.44,80.6,94,84,3.36,light rain
414,Maningrida,AU,2020-08-21 02:25:15,-12.07,134.27,86.83,33,0,8.95,clear sky
415,Zaria,NG,2020-08-21 02:25:15,11.11,7.72,71.02,88,100,7.76,moderate rain
416,Dongli,CN,2020-08-21 02:25:15,23.57,116.82,87.8,70,20,4.47,few clouds
417,Ponta Delgada,PT,2020-08-21 02:25:16,37.73,-25.67,71.6,94,40,6.93,scattered clouds
418,Thanh Hoa,VN,2020-08-21 02:25:16,19.8,105.77,80.06,89,100,3.09,light rain
419,Maputo,MZ,2020-08-21 02:25:16,-25.97,32.59,59.0,82,20,3.36,few clouds
420,Selje,NO,2020-08-21 02:25:16,62.05,5.35,64.99,86,100,3.78,overcast clouds
421,Salekhard,RU,2020-08-21 02:25:16,66.53,66.6,57.29,82,100,8.52,overcast clouds
422,Popondetta,PG,2020-08-21 02:25:16,-8.75,148.25,87.67,55,64,6.17,broken clouds
423,Umm Lajj,SA,2020-08-21 02:25:17,25.02,37.27,85.46,58,0,9.98,clear sky
424,Labuhan,ID,2020-08-21 02:25:17,-6.88,112.21,83.75,65,14,13.35,few clouds
425,Namatanai,PG,2020-08-21 02:25:17,-3.67,152.43,85.03,70,19,8.37,few clouds
426,Baruun-Urt,MN,2020-08-21 02:25:17,46.68,113.28,68.54,41,0,9.1,clear sky
427,Dhule,IN,2020-08-21 02:25:17,20.9,74.78,77.95,87,100,4.61,overcast clouds
428,Tambacounda,SN,2020-08-21 02:25:17,13.75,-13.76,75.2,100,75,4.7,light rain
429,Usinsk,RU,2020-08-21 02:25:17,65.99,57.53,51.4,92,98,13.89,overcast clouds
430,Port Blair,IN,2020-08-21 02:20:54,11.67,92.75,82.4,88,75,3.36,broken clouds
431,Topolovatu Mare,RO,2020-08-21 02:25:18,45.77,21.62,59.0,100,0,5.82,clear sky
432,Marsa Matruh,EG,2020-08-21 02:25:18,31.35,27.25,77.0,69,40,4.7,scattered clouds
433,Nizwa,OM,2020-08-21 02:22:44,22.93,57.53,92.23,34,72,1.95,broken clouds
434,Olinda,BR,2020-08-21 02:25:18,-8.01,-34.86,75.2,94,90,13.87,light rain
435,Ukiah,US,2020-08-21 02:25:18,39.15,-123.21,82.4,34,1,10.29,clear sky
436,Moerai,PF,2020-08-21 02:25:18,-22.43,-151.33,69.82,73,100,24.9,overcast clouds
437,Iqaluit,CA,2020-08-21 02:25:19,63.75,-68.51,46.4,87,75,2.8,broken clouds
438,Shirgaon,IN,2020-08-21 02:25:19,19.7,72.7,80.71,87,100,16.26,moderate rain
439,Manoel Urbano,BR,2020-08-21 02:25:19,-8.84,-69.26,74.39,91,65,5.19,moderate rain
440,Anadyr,RU,2020-08-21 02:25:19,64.75,177.48,59.0,54,100,15.66,overcast clouds
441,Polewali,ID,2020-08-21 02:25:19,-3.43,119.34,84.87,59,0,3.04,clear sky
442,Kukushtan,RU,2020-08-21 02:25:19,57.65,56.5,55.4,100,90,8.95,overcast clouds
443,Constitucion,CL,2020-08-21 02:25:19,-35.33,-72.42,50.58,72,0,5.37,clear sky
444,Makakilo City,US,2020-08-21 02:25:20,21.35,-158.09,87.8,52,75,6.93,broken clouds
445,Vila,PT,2020-08-21 02:25:20,42.03,-8.16,53.01,91,94,1.99,overcast clouds
446,Provideniya,RU,2020-08-21 02:25:20,64.38,-173.3,55.4,71,75,17.9,broken clouds
447,Bubaque,GW,2020-08-21 02:25:20,11.28,-15.83,79.83,85,100,22.15,moderate rain
448,Cerrito,CO,2020-08-21 02:25:20,6.84,-72.69,51.21,84,16,4.63,light rain
449,Grants Pass,US,2020-08-21 02:23:29,42.44,-123.33,86.0,27,20,4.7,few clouds
450,Hualmay,PE,2020-08-21 02:25:20,-11.1,-77.61,60.13,82,92,9.57,overcast clouds
451,Caiaponia,BR,2020-08-21 02:25:21,-16.96,-51.81,67.32,54,100,19.35,overcast clouds
452,Sao Joao Da Barra,BR,2020-08-21 02:25:21,-21.64,-41.05,71.42,78,77,20.78,broken clouds
453,Nadvoitsy,RU,2020-08-21 02:25:21,63.87,34.32,55.06,86,0,6.24,clear sky
454,Kota Kinabalu,MY,2020-08-21 02:23:05,5.97,116.07,86.0,70,20,3.36,few clouds
455,Fort Nelson,CA,2020-08-21 02:25:21,58.81,-122.7,59.0,87,90,2.24,overcast clouds
456,Katsuura,JP,2020-08-21 02:25:21,35.13,140.3,96.01,59,40,11.41,scattered clouds
457,Urumqi,CN,2020-08-21 02:25:21,43.8,87.6,78.8,29,52,2.24,broken clouds
458,Andros Town,BS,2020-08-21 02:25:21,24.7,-77.77,84.2,83,40,12.75,scattered clouds
459,Wicklow,IE,2020-08-21 02:25:22,53.0,-6.42,59.0,77,75,27.51,broken clouds
460,Macapa,BR,2020-08-21 02:25:22,0.04,-51.07,82.4,100,4,8.05,clear sky
461,Torit,SS,2020-08-21 02:25:22,4.41,32.57,68.32,90,36,0.87,scattered clouds
462,Sapulpa,US,2020-08-21 02:25:22,36.0,-96.11,77.0,73,1,6.55,clear sky
463,Plaster Rock,CA,2020-08-21 02:25:22,46.91,-67.39,57.99,67,1,5.82,clear sky
464,Bonavista,CA,2020-08-21 02:25:23,48.65,-53.11,62.01,77,8,10.0,clear sky
465,Australind,AU,2020-08-21 02:25:23,-33.27,115.72,61.0,58,100,4.9,overcast clouds
466,Caravelas,BR,2020-08-21 02:25:23,-17.71,-39.25,71.19,86,2,4.61,clear sky
467,Nantucket,US,2020-08-21 02:23:29,41.28,-70.1,64.4,93,1,6.93,clear sky
468,Ouesso,CG,2020-08-21 02:25:23,1.61,16.05,70.32,96,100,1.21,overcast clouds
469,Victor Harbor,AU,2020-08-21 02:25:23,-35.57,138.62,53.01,65,41,1.99,light rain
470,Chenghai,CN,2020-08-21 02:25:23,23.46,116.77,87.8,70,20,4.47,few clouds
471,Seymour,US,2020-08-21 02:25:23,38.96,-85.89,68.0,79,82,5.7,broken clouds
472,Abu Dhabi,AE,2020-08-21 02:23:23,24.47,54.37,93.2,71,38,3.36,scattered clouds
473,Ormara,PK,2020-08-21 02:25:24,25.21,64.64,82.35,80,100,3.15,overcast clouds
474,Griffith,US,2020-08-21 02:25:24,41.53,-87.42,73.0,72,1,6.42,clear sky
475,Acapulco,MX,2020-08-21 02:21:52,16.86,-99.89,82.4,83,90,3.36,overcast clouds
476,Harindanga,IN,2020-08-21 02:25:24,22.04,88.32,82.4,94,90,9.17,light rain
477,Nelson Bay,AU,2020-08-21 02:25:24,-32.72,152.15,64.99,39,0,29.97,clear sky
478,San Juan,AR,2020-08-21 02:25:24,-31.54,-68.54,44.15,52,0,0.78,clear sky
479,Mount Gambier,AU,2020-08-21 02:25:25,-37.83,140.77,48.2,81,75,20.8,broken clouds
480,Derzhavinsk,KZ,2020-08-21 02:25:25,51.1,66.32,55.24,74,95,12.28,overcast clouds
481,Grindavik,IS,2020-08-21 02:25:25,63.84,-22.43,48.2,87,99,6.93,overcast clouds
482,Waingapu,ID,2020-08-21 02:25:25,-9.66,120.26,84.29,56,1,10.6,clear sky
483,Huarmey,PE,2020-08-21 02:25:25,-10.07,-78.15,61.12,82,99,7.47,overcast clouds
484,Neiafu,TO,2020-08-21 02:25:25,-18.65,-173.98,82.4,74,40,10.29,scattered clouds
485,Omsukchan,RU,2020-08-21 02:25:25,62.53,155.8,46.47,84,100,8.23,light rain
486,Nagua,DO,2020-08-21 02:25:25,19.38,-69.85,79.3,85,4,7.65,clear sky
487,Patitirion,GR,2020-08-21 02:25:25,39.15,23.87,72.0,60,0,1.99,clear sky
488,Batagay-Alyta,RU,2020-08-21 02:25:26,67.8,130.41,44.4,58,18,4.54,few clouds
489,Tura,IN,2020-08-21 02:25:26,25.52,90.22,73.87,96,100,4.41,light rain
490,Yaan,NG,2020-08-21 02:25:26,7.38,8.57,72.75,95,100,5.26,moderate rain
491,Aquidauana,BR,2020-08-21 02:25:26,-20.47,-55.79,51.69,89,100,10.47,light rain
492,Sao Felix Do Xingu,BR,2020-08-21 02:25:26,-6.64,-51.99,76.84,36,0,0.72,clear sky
493,Kavieng,PG,2020-08-21 02:25:26,-2.57,150.8,84.0,72,32,8.21,scattered clouds
494,Aras,ES,2020-08-21 02:25:27,42.56,-2.36,75.2,64,57,6.93,broken clouds
495,Deputatskiy,RU,2020-08-21 02:25:27,69.3,139.9,39.83,71,95,2.19,overcast clouds
496,Tianpeng,CN,2020-08-21 02:25:27,30.99,103.94,84.0,62,26,2.46,light rain
497,Adana,TR,2020-08-21 02:25:27,36.98,35.29,77.0,94,40,3.36,scattered clouds
498,Dabou,CI,2020-08-21 02:25:27,5.33,-4.38,75.2,94,20,9.17,few clouds
499,Gorontalo,ID,2020-08-21 02:25:27,0.54,123.06,87.22,60,4,5.5,clear sky
500,Zarautz,ES,2020-08-21 02:25:28,43.28,-2.17,75.2,69,76,4.7,broken clouds
501,Tuy Hoa,VN,2020-08-21 02:25:28,13.08,109.3,83.26,69,94,7.65,overcast clouds
502,Tocopilla,CL,2020-08-21 02:25:28,-22.09,-70.2,57.4,65,0,7.11,clear sky
503,Dong Xoai,VN,2020-08-21 02:23:02,11.53,106.92,81.45,84,99,1.74,light rain
504,Fengzhen,CN,2020-08-21 02:25:28,40.44,113.15,67.05,63,1,7.78,clear sky
505,Novobirilyussy,RU,2020-08-21 02:25:28,56.95,90.67,61.32,65,77,4.47,broken clouds
506,Faya,SA,2020-08-21 02:25:28,18.39,42.45,69.8,48,41,4.41,scattered clouds
507,Swan River,CA,2020-08-21 02:25:29,52.11,-101.27,64.45,87,76,5.1,broken clouds
508,Plettenberg Bay,ZA,2020-08-21 02:25:29,-34.05,23.37,55.0,82,43,2.64,scattered clouds
509,Tabou,CI,2020-08-21 02:25:29,4.42,-7.35,75.06,84,61,10.92,broken clouds
510,Ilhabela,BR,2020-08-21 02:25:29,-23.78,-45.36,64.08,88,100,3.91,moderate rain
511,Tecoanapa,MX,2020-08-21 02:25:29,16.52,-98.75,81.5,76,100,2.01,light rain
512,Shellbrook,CA,2020-08-21 02:25:29,53.22,-106.4,71.6,83,90,4.7,overcast clouds
513,Brae,GB,2020-08-21 02:25:29,60.4,-1.35,59.0,93,6,17.22,clear sky
514,Ewa Beach,US,2020-08-21 02:25:29,21.32,-158.01,87.8,52,75,6.93,broken clouds
515,Rincon,US,2020-08-21 02:25:30,32.3,-81.24,80.6,78,75,5.82,broken clouds
516,Aykhal,RU,2020-08-21 02:25:30,66.0,111.5,55.4,47,39,4.47,scattered clouds
517,Villa Bruzual,VE,2020-08-21 02:25:30,9.33,-69.12,75.22,96,73,0.63,moderate rain
518,Sinop,TR,2020-08-21 02:25:30,41.77,34.87,59.81,83,19,4.16,few clouds
519,Dakar,SN,2020-08-21 02:25:02,14.69,-17.44,82.4,83,75,16.11,broken clouds
520,Chibuto,MZ,2020-08-21 02:25:30,-24.69,33.53,56.03,93,0,4.61,clear sky
521,Kayes,ML,2020-08-21 02:25:31,14.0,-11.0,74.41,93,3,3.74,clear sky
522,Ortigueira,BR,2020-08-21 02:25:31,-24.21,-50.95,50.94,99,100,2.91,light rain
523,Felanitx,ES,2020-08-21 02:25:31,39.47,3.15,78.8,88,0,4.7,clear sky
524,Campbell River,CA,2020-08-21 02:25:31,50.02,-125.24,61.0,100,90,10.29,light intensity shower rain
525,Iquique,CL,2020-08-21 02:25:31,-20.22,-70.14,57.2,76,41,6.93,scattered clouds
526,Kaduqli,SD,2020-08-21 02:25:31,11.02,29.72,72.32,84,51,1.14,broken clouds
527,Anjiang,CN,2020-08-21 02:25:31,27.32,110.1,83.46,78,40,0.65,light rain
528,Tabriz,IR,2020-08-21 02:24:27,38.08,46.29,69.8,49,0,6.93,clear sky
529,Ciudad Bolivar,VE,2020-08-21 02:25:32,8.12,-63.55,81.75,76,100,6.87,moderate rain
530,Peace River,CA,2020-08-21 02:25:32,56.25,-117.29,59.0,87,90,13.87,light intensity shower rain
531,Nagar Karnul,IN,2020-08-21 02:25:32,16.48,78.32,72.79,94,100,9.17,light rain
532,Christchurch,NZ,2020-08-21 02:22:26,-43.53,172.63,54.0,87,100,10.29,light rain
533,Ust-Tsilma,RU,2020-08-21 02:25:32,65.44,52.15,53.01,88,100,8.01,overcast clouds
534,Mandalgovi,MN,2020-08-21 02:25:32,45.76,106.27,67.86,33,100,11.23,overcast clouds
535,Dicabisagan,PH,2020-08-21 02:25:32,17.08,122.42,81.97,77,100,7.49,light rain
536,Kuznechnoye,RU,2020-08-21 02:25:32,61.12,29.87,55.0,77,0,1.68,clear sky
537,Grand Gaube,MU,2020-08-21 02:25:33,-20.01,57.66,69.01,55,26,5.01,scattered clouds
538,Hundested,DK,2020-08-21 02:25:33,55.97,11.87,64.0,100,56,7.27,broken clouds
539,Yar-Sale,RU,2020-08-21 02:25:33,66.83,70.83,54.3,95,100,10.89,light rain
540,Paciran,ID,2020-08-21 02:25:33,-6.88,112.38,84.06,65,8,13.76,clear sky
541,Bulaevo,KZ,2020-08-21 02:25:33,54.91,70.44,51.91,95,100,5.21,overcast clouds
542,San Patricio,MX,2020-08-21 02:25:33,19.22,-104.7,79.25,80,100,3.74,overcast clouds
543,Byron Bay,AU,2020-08-21 02:25:33,-28.65,153.62,68.0,37,40,11.41,scattered clouds
544,Koygorodok,RU,2020-08-21 02:25:33,60.45,51.0,49.66,97,73,7.27,broken clouds
545,Taltal,CL,2020-08-21 02:25:34,-25.4,-70.48,53.92,67,0,4.45,clear sky
546,Talara,PE,2020-08-21 02:25:34,-4.58,-81.27,62.46,84,100,16.17,overcast clouds
547,Menongue,AO,2020-08-21 02:25:34,-14.66,17.69,47.68,38,20,4.81,few clouds
548,Livingston,GB,2020-08-21 02:25:34,55.9,-3.52,62.6,67,100,13.87,overcast clouds
549,Carutapera,BR,2020-08-21 02:25:34,-1.2,-46.02,77.59,82,0,7.36,clear sky
550,Antalaha,MG,2020-08-21 02:25:34,-14.9,50.28,69.71,88,94,6.78,light rain
551,Devils Lake,US,2020-08-21 02:25:34,48.11,-98.87,78.8,74,1,9.17,clear sky
552,Mitchell,US,2020-08-21 02:22:52,43.71,-98.03,77.0,78,1,6.93,clear sky
553,Yanam,IN,2020-08-21 02:25:35,16.73,82.22,78.8,88,90,6.93,overcast clouds
554,Tuzha,RU,2020-08-21 02:25:35,57.61,47.94,50.54,87,98,6.96,overcast clouds
555,Marzuq,YE,2020-08-21 02:25:35,14.4,46.47,79.43,56,79,7.07,broken clouds
556,Lima Duarte,BR,2020-08-21 02:25:35,-21.84,-43.79,57.92,83,90,6.49,overcast clouds
557,Minudasht,IR,2020-08-21 02:25:35,37.23,55.37,69.8,88,0,0.85,clear sky
558,Mayo,US,2020-08-21 02:25:36,38.89,-76.51,77.0,69,1,8.05,clear sky
559,Watrous,CA,2020-08-21 02:25:36,51.67,-105.47,70.23,74,100,22.68,moderate rain
560,Wynyard,AU,2020-08-21 02:25:36,-41.0,145.72,42.01,83,100,8.99,light rain
561,Ruthin,GB,2020-08-21 02:25:36,53.11,-3.32,60.01,87,100,10.0,moderate rain
562,Teya,RU,2020-08-21 02:25:36,60.38,92.63,58.75,74,29,6.4,scattered clouds
563,Roald,NO,2020-08-21 02:25:37,62.58,6.13,60.01,93,95,3.36,overcast clouds
564,Eyl,SO,2020-08-21 02:25:37,7.98,49.82,75.49,77,0,19.39,clear sky
565,Mitu,CO,2020-08-21 02:25:37,1.2,-70.17,74.55,93,0,2.26,clear sky
566,Palasa,IN,2020-08-21 02:25:37,18.77,84.42,77.94,89,100,9.51,overcast clouds
567,Saryozek,KZ,2020-08-21 02:25:37,44.36,77.98,73.54,30,25,2.33,scattered clouds
568,Gloversville,US,2020-08-21 02:25:37,43.05,-74.34,64.4,68,1,1.57,clear sky
569,Sawtell,AU,2020-08-21 02:25:37,-30.38,153.1,64.4,42,75,9.17,broken clouds
570,Lucea,JM,2020-08-21 02:25:38,18.45,-78.17,82.4,69,20,2.24,thunderstorm
571,Campo De Criptana,ES,2020-08-21 02:25:38,39.4,-3.12,68.0,37,0,1.01,clear sky
572,Safaga,EG,2020-08-21 02:25:38,26.73,33.94,84.2,32,0,11.41,clear sky
573,Bay Saint Louis,US,2020-08-21 02:25:38,30.31,-89.33,77.0,94,40,1.59,scattered clouds
574,Porto Novo,BJ,2020-08-21 02:25:38,6.5,2.6,75.24,87,99,10.92,light rain
575,Maragogi,BR,2020-08-21 02:25:38,-9.01,-35.22,74.93,89,91,10.89,light rain
576,Rocha,UY,2020-08-21 02:25:38,-34.48,-54.33,37.47,79,0,7.76,clear sky
577,Raudeberg,NO,2020-08-21 02:25:38,61.99,5.14,64.99,86,100,7.49,overcast clouds
578,Kaitangata,NZ,2020-08-21 02:25:39,-46.28,169.85,52.0,75,100,5.99,overcast clouds
579,Bani,DO,2020-08-21 02:25:39,18.28,-70.33,82.99,78,1,3.0,clear sky
580,Abu Samrah,SY,2020-08-21 02:25:39,35.3,37.18,66.52,86,0,9.57,clear sky
581,Hubli,IN,2020-08-21 02:25:39,15.35,75.17,71.6,94,90,5.82,overcast clouds
582,Saint-Denis,FR,2020-08-21 02:25:39,48.92,2.33,78.01,69,100,13.87,light rain
583,Ararat,AM,2020-08-21 02:25:40,39.83,44.7,68.0,64,0,3.36,clear sky
584,Sistranda,NO,2020-08-21 02:25:40,63.73,8.83,62.6,88,20,12.75,few clouds
585,Okha,RU,2020-08-21 02:25:40,53.57,142.95,63.75,58,0,18.03,clear sky
586,Suwalki,PL,2020-08-21 02:25:40,54.11,22.93,58.5,93,46,2.98,scattered clouds
587,Machilipatnam,IN,2020-08-21 02:25:40,16.17,81.13,80.6,83,75,6.93,broken clouds
588,Galveston,US,2020-08-21 02:23:49,29.37,-94.97,87.01,62,1,6.93,clear sky
589,Bereda,ES,2020-08-21 02:25:41,43.27,-7.54,60.01,89,3,8.01,clear sky
590,Taoudenni,ML,2020-08-21 02:25:41,22.68,-3.98,96.58,14,0,4.47,clear sky
591,Rawatbhata,IN,2020-08-21 02:25:41,24.93,75.58,81.57,83,100,2.08,light rain
592,Novyy Svit,UA,2020-08-21 02:25:41,47.81,38.02,68.32,48,93,6.8,overcast clouds
593,Beloha,MG,2020-08-21 02:25:41,-25.17,45.05,62.96,78,66,6.8,broken clouds
594,Marsabit,KE,2020-08-21 02:25:41,2.33,37.99,60.53,94,98,19.91,overcast clouds
595,Gawler,AU,2020-08-21 02:25:41,-34.6,138.73,50.0,87,52,11.99,light rain
596,Amahai,ID,2020-08-21 02:25:41,-3.33,128.92,81.68,73,9,3.71,clear sky
597,Taungdwingyi,MM,2020-08-21 02:25:42,20.02,95.55,78.26,86,100,8.41,light rain
598,Mwinilunga,ZM,2020-08-21 02:25:42,-11.74,24.43,62.62,41,58,5.37,broken clouds
599,Te Anau,NZ,2020-08-21 02:25:42,-45.42,167.72,51.96,76,100,3.18,overcast clouds
600,Dali,CN,2020-08-21 02:25:42,25.7,100.18,69.87,71,1,1.43,clear sky
601,Kawalu,ID,2020-08-21 02:25:42,-7.38,108.21,80.69,66,9,3.74,clear sky
602,Berezhany,UA,2020-08-21 02:25:42,49.45,24.93,59.0,100,6,4.56,mist
603,Kamenka,RU,2020-08-21 02:25:42,51.32,42.77,51.01,79,23,5.99,few clouds
604,Birnin Kebbi,NG,2020-08-21 02:25:42,12.45,4.2,76.21,83,17,9.57,few clouds
605,Dickinson,US,2020-08-21 02:25:43,29.46,-95.05,84.99,69,40,6.93,scattered clouds
606,Aberdeen,GB,2020-08-21 02:22:28,57.14,-2.1,59.0,93,100,6.93,overcast clouds
607,Illapel,CL,2020-08-21 02:25:43,-31.63,-71.17,55.13,43,0,2.93,clear sky
608,Medea,DZ,2020-08-21 02:25:43,36.26,2.75,77.0,88,20,2.24,few clouds
609,Viedma,AR,2020-08-21 02:25:43,-40.81,-63.0,51.89,53,0,11.18,clear sky
610,Alofi,NU,2020-08-21 02:25:43,-19.06,-169.92,82.4,74,75,8.05,broken clouds
611,Bouca,CF,2020-08-21 02:25:44,6.51,18.27,70.27,97,100,2.3,overcast clouds
612,Marantao,PH,2020-08-21 02:25:44,7.95,124.23,83.53,61,11,0.96,few clouds
613,Sur,OM,2020-08-21 02:25:44,22.57,59.53,91.0,51,100,3.13,overcast clouds
614,Dinghai,CN,2020-08-21 02:25:44,26.28,119.79,86.0,74,20,15.66,few clouds
615,Zonguldak,TR,2020-08-21 02:25:44,41.25,31.83,57.0,73,2,3.51,clear sky
616,Vila Franca Do Campo,PT,2020-08-21 02:25:44,37.72,-25.43,71.6,94,40,6.93,scattered clouds
617,Svobodnyy,RU,2020-08-21 02:25:44,51.4,128.13,70.27,58,77,8.81,broken clouds
618,Betioky,MG,2020-08-21 02:25:44,-23.72,44.38,60.21,90,0,7.18,clear sky
619,Gigmoto,PH,2020-08-21 02:25:45,13.78,124.39,85.87,69,100,7.56,overcast clouds
620,Lakselv,NO,2020-08-21 02:25:45,70.05,24.97,50.0,87,96,10.29,overcast clouds
621,Jawhar,SO,2020-08-21 02:25:45,2.78,45.5,73.35,83,86,7.96,overcast clouds
622,Camacha,PT,2020-08-21 02:25:45,33.08,-16.33,73.4,88,20,6.93,few clouds
623,Olhao,PT,2020-08-21 02:25:45,37.03,-7.84,71.01,94,1,3.36,clear sky
624,Imeni Babushkina,RU,2020-08-21 02:25:45,59.76,43.13,43.84,91,0,2.1,clear sky
625,Dongsheng,CN,2020-08-21 02:25:45,39.82,109.98,65.79,68,38,17.67,scattered clouds
626,Mont-Dore,NC,2020-08-21 02:25:46,-22.28,166.58,78.8,54,27,10.29,scattered clouds
627,Wanning,CN,2020-08-21 02:25:46,18.8,110.4,84.88,75,100,3.29,light rain
628,Sorong,ID,2020-08-21 02:25:46,-0.88,131.25,83.21,72,0,5.19,clear sky
629,Marystown,CA,2020-08-21 02:25:46,47.17,-55.15,59.41,84,0,15.39,clear sky
630,Kiama,AU,2020-08-21 02:25:46,-34.68,150.87,62.01,47,99,15.01,overcast clouds
631,Praia,CV,2020-08-21 02:25:46,14.92,-23.51,78.8,69,20,8.05,few clouds
632,Longavi,CL,2020-08-21 02:25:46,-35.97,-71.68,47.01,79,0,2.77,clear sky
633,Kikwit,CD,2020-08-21 02:25:47,-5.04,18.82,78.46,73,98,2.59,light rain
634,Erzurum,TR,2020-08-21 02:25:47,40.0,41.5,48.2,66,0,3.09,clear sky
635,Kysyl-Syr,RU,2020-08-21 02:25:47,63.9,122.76,60.17,42,32,4.45,scattered clouds
636,Patiya,BD,2020-08-21 02:25:47,22.29,91.98,80.6,88,90,9.17,overcast clouds
637,Ust-Kulom,RU,2020-08-21 02:25:47,61.69,53.69,53.85,91,100,8.95,overcast clouds
638,Kudahuvadhoo,MV,2020-08-21 02:25:47,2.67,72.89,82.78,64,90,3.04,overcast clouds
639,Dong Hoi,VN,2020-08-21 02:25:47,17.48,106.6,81.43,79,100,4.61,overcast clouds
640,Mazamari,PE,2020-08-21 02:25:48,-11.33,-74.53,70.83,78,78,2.21,light rain
641,Camargo,MX,2020-08-21 02:21:36,27.67,-105.17,84.29,23,0,8.5,clear sky
642,Santa Rita,BR,2020-08-21 02:24:12,-7.11,-34.98,75.2,100,75,6.93,broken clouds
643,Tooele,US,2020-08-21 02:25:48,40.53,-112.3,87.01,51,1,9.17,clear sky
644,Cidreira,BR,2020-08-21 02:25:48,-30.18,-50.21,46.4,64,0,13.02,clear sky
645,Boende,CD,2020-08-21 02:25:48,-0.22,20.87,72.36,97,96,2.44,moderate rain
646,Dabat,ET,2020-08-21 02:25:49,12.98,37.77,52.79,96,43,2.26,light rain
647,Tezu,IN,2020-08-21 02:25:49,27.92,96.17,74.77,87,100,2.39,moderate rain
648,Seoul,KR,2020-08-21 02:25:09,37.57,126.98,84.2,74,75,2.62,broken clouds
649,Luorong,CN,2020-08-21 02:25:49,24.41,109.61,81.1,82,98,3.27,overcast clouds
650,El Sauzal,MX,2020-08-21 02:25:49,31.9,-116.68,73.99,86,30,4.0,scattered clouds
651,Fayaoue,NC,2020-08-21 02:25:49,-20.65,166.53,73.78,66,1,7.2,clear sky
652,Tarko-Sale,RU,2020-08-21 02:25:49,64.92,77.78,60.01,88,94,15.73,overcast clouds
653,College,US,2020-08-21 02:25:49,64.86,-147.8,71.6,49,75,5.82,broken clouds
654,Gat,IL,2020-08-21 02:25:50,31.61,34.76,73.0,77,0,5.03,clear sky
655,Henties Bay,NA,2020-08-21 02:25:50,-22.12,14.28,56.93,43,0,5.68,clear sky
656,Sainte-Rose,GP,2020-08-21 02:22:18,16.33,-61.7,78.8,94,75,2.24,broken clouds
657,Mosquera,CO,2020-08-21 02:25:48,4.71,-74.23,55.4,87,75,3.8,broken clouds
658,Visnes,NO,2020-08-21 02:25:50,59.36,5.22,64.0,93,42,11.41,scattered clouds
659,Tomatlan,MX,2020-08-21 02:24:38,19.93,-105.25,76.42,84,100,1.95,overcast clouds
660,Guangyuan,CN,2020-08-21 02:25:50,32.44,105.82,77.0,89,94,1.61,light rain
661,Yulara,AU,2020-08-21 02:25:50,-25.24,130.99,69.8,22,0,8.05,clear sky
662,Thinadhoo,MV,2020-08-21 02:25:51,0.53,72.93,83.73,63,93,4.32,overcast clouds
663,Acajutla,SV,2020-08-21 02:25:07,13.59,-89.83,70.0,100,100,6.38,light rain
664,Hirara,JP,2020-08-21 02:25:51,24.8,125.28,87.8,74,75,11.41,broken clouds
665,Nerchinskiy Zavod,RU,2020-08-21 02:25:51,51.31,119.61,60.82,65,92,10.8,overcast clouds
666,Winfield,US,2020-08-21 02:25:51,37.24,-97.0,78.8,54,1,4.7,clear sky
667,Necochea,AR,2020-08-21 02:25:51,-38.55,-58.74,37.99,71,0,5.01,clear sky
